PROMO,Emplyee name,,DUP,CALCULATES FOR THOSE WITH SEVERANCE,,,,,,
Adelaide L Harrop,Abbey Schindler,,N,,,,,,,
Aiko Blossom,Abe J Macleod,,N,,,,,,,
Alexis Q Grose,Abe Morales,,N,,,,,,,
Aliza X Sammons,Abe X Paro,,N,,,,,,,
America V Lobel,Abram Q Keffer,,N,,,,,,,
Amiee Z Chaffins,Abram S Manrique,,N,,,,,,,
Andrew Detweiler,Adalberto W Creek,,N,,,,,,,
Brendon E Mone,Adam B Katzer,,N,,,,,,,
Buck H Rancourt,Adelaide L Harrop,,N,,,,,,,
Candelaria Zajicek,Adele M Burnam,,N,,,,,,,
Carlotta T Ryles,Adelia Abbas,,N,,,,,,,
Carmelia E Bergeron,Adelia U Villagomez,,N,,,,,,,PEOPLE THAT WILL GET SEVERANCE BENEFITS
Carolin T Loya,Adell W Trower,,N,,,,,,,
Carolynn V Moynihan,Adella U Foushee,,N,,,,,,,
Cecily D Houser,Adelle E Brunner,,N,,,,,,,
Celine Baskin,Adria M Melendrez,,N,,,,,,,
Christie Rodger,Adriana O Medved,,N,,,,,,,
Clemente S Wiechmann,Agnes Blow,,N,,,,,,,
Deanna P Scoggin,Agnes D Doud,,N,,,,,,,
Detra D Rymer,Ahmad V Lynde,,N,,,,,,,
Devin Hales,Ahmed C Minch,,N,,,,,,,
Dulce E Grizzard,Ahmed I Strope,,N,,,,,,,
Edmund Mcclung,Ahmed V Lease,,N,,,,,,,
Elsy B Latta,Aiko Blossom,,N,,,,,,,
Fernando S Korhonen,Aileen F Hiltz,,N,,,,,,,
Garnett Dryer,Aileen Hiltz,,N,,,,,,,
Garrett S Nolette,Akiko S Godby,,N,,,,,,,
Inocencia Z Buteau,Al Fegley,,N,,,,,,,
Jamaal Z Resto,Alanna L Tyrell,,N,,,,,,,
Jamel Meaney,Albert Z Dunford,,N,,,,,,,
Janie P Caswell,Alda F Penning,,N,,,,,,,
Jayson S Carrol,Alden Cauley,,N,,,,,,,
Jeff E Lucero,Alden Y Cauley,,N,,,,,,,
Jeneva Y Bybee,Alease Lander,,N,,,,,,,
Jerlene P Dunnigan,Alease Y Lander,,N,,,,,,,
Jolanda Dewees,Alec Mcnees,,N,,,,,,,
Jon Arvizu,Aleisha H Mathew,,N,,,,,,,
Jon Behler,Alesia B Bear,,N,,,,,,,
Jordan Phu,Alexis C Amaral,,N,,,,,,,
Julius Q Stock,Alexis D Bonelli,,N,,,,,,,
Kaye Tubbs,Alexis Q Grose,,N,,,,,,,
Keira Y Till,Alfonzo Knupp,,N,,,,,,,
Ken X Weisberg,Alfred L Strausbaugh,,N,,,,,,,
Kendrick C Burchette,Alina L Prowell,,N,,,,,,,
Kenton Q Villalta,Alise Baltzell,,N,,,,,,,
Kylie K Freda,Alise O Baltzell,,N,,,,,,,
Larry K Mash,Alisha D Coppock,,N,,,,,,,
Laurena P Caston,Aliza X Sammons,,N,,,,,,,
Loren H Mckenzie,Allen L Vachon,,N,,,,,,,
Mack L Lykes,Allene T Lepe,,N,,,,,,,
Mauricio I Streets,Alline V Kushner,,N,,,,,,,
Maximina K Frates,Allyn O Farrior,,N,,,,,,,
Narcisa C Rayburn,Allyson I Ours,,N,,,,,,,
Nettie T Mccandless,Almeda M Dunford,,N,,,,,,,
Patria D Riedel,Alonzo W Stanford,,N,,,,,,,
Reinaldo G Castellanos,Alphonso Laffoon,,N,,,,,,,
Renaldo K Cheatham,Alphonso U Laffoon,,N,,,,,,,
Scott D Torrey,Alysia Basil,,N,,,,,,,
Sheryll X Broadbent,Amada J Knouse,,N,,,,,,,
Stephan Q Ranger,Amado C Bonet,,N,,,,,,,
Stewart Mazurek,Amelia H Burbank,,N,,,,,,,
Susana H Hooks,America V Lobel,,N,,,,,,,
Taneka Q Church,Amiee Z Chaffins,,N,,,,,,,
Taylor Thill,Analisa X Birdsell,,N,,,,,,,
Therese Q Belden,Andre Q Maxon,,N,,,,,,,
Tiny Q Llanos,Andrea Rhymes,,N,,,,,,,
Toney W Bollman,Andreas L Kennard,,N,,,,,,,
Toya B Rawlins,Andreas T Viles,,N,,,,,,,
Valene Z Woodmansee,Andres P Towles,,N,,,,,,,
Vaughn Garica,Andres S Garner,,N,,,,,,,
Vernell X Amado,Andrew D Hersey,,N,,,,,,,
Walton S Keim,Andrew Detweiler,,N,,,,,,,
,Andrew P Detweiler,,N,,,,,,,
,Andria Z Reza,,N,,,,,,,
,Angel F Palomino,,N,,,,,,,
,Angel Ferebee,,N,,,,,,,
,Angela P Lorenzen,,N,,,,,,,
,Angelo B Fitzmaurice,,N,,,,,,,
,Anibal F Pieper,,N,,,,,,,
,Anisha Jasmin,,N,,,,,,,
,Annabelle E Encinas,,N,,,,,,,
,Annette Jolin,,N,,,,,,,
,Antone Polston,,N,,,,,,,
,Antone W Polston,,N,,,,,,,
,Archie Blair,,N,,,,,,,
,Arden B Fujita,,N,,,,,,,
,Arlen F Maly,,N,,,,,,,
,Arlen Joly,,N,,,,,,,
,Arlen M Joly,,N,,,,,,,
,Arlen Z Vanslyke,,N,,,,,,,
,Armando H Seaborn,,N,,,,,,,
,Armida Bridwell,,N,,,,,,,
,Arnoldo D Mckeen,,N,,,,,,,
,Aron Durante,,N,,,,,,,
,Arron R Vegas,,N,,,,,,,
,Arturo N Halvorsen,,N,,,,,,,
,Asa E Kunze,,N,,,,,,,
,Ashanti R Swim,,N,,,,,,,
,Ashlie G Cadena,,N,,,,,,,
,Asley F Mcewan,,N,,,,,,,
,Astrid Marinelli,,N,,,,,,,
,Astrid R Marinelli,,N,,,,,,,
,Asuncion X Braunstein,,N,,,,,,,
,Audrea B Prather,,N,,,,,,,
,Audrea K Papineau,,N,,,,,,,
,Audria W Barrios,,N,,,,,,,
,Audrie X Mccammon,,N,,,,,,,
,August C Navarette,,N,,,,,,,
,August C Strother,,N,,,,,,,
,August F Dones,,N,,,,,,,
,Augusta G Kircher,,N,,,,,,,
,Aundrea W Lundberg,,N,,,,,,,
,Aurelio K Wyckoff,,N,,,,,,,
,Austin Janney,,N,,,,,,,
,Ayako Bachmann,,N,,,,,,,
,Ayako L Bachmann,,N,,,,,,,
,Barak Sali,,N,,,,,,,
,Barrie Collman,,N,,,,,,,
,Barrie E Collman,,N,,,,,,,
,Bart B Gilcrease,,N,,,,,,,
,Beatrice A Knopf,,N,,,,,,,
,Beatrice Coen,,N,,,,,,,
,Beatrice T Coen,,N,,,,,,,
,Bell N Molinaro,,N,,,,,,,
,Belva Fitzwater,,N,,,,,,,
,Ben Gigliotti,,N,,,,,,,
,Ben Lagrange,,N,,,,,,,
,Ben N Lamson,,N,,,,,,,
,Ben U Gigliotti,,N,,,,,,,
,Benedict B Wix,,N,,,,,,,
,Benedict U Daye,,N,,,,,,,
,Bennie E Manfredi,,N,,,,,,,
,Benny S Brinker,,N,,,,,,,
,Berna Z Stoller,,N,,,,,,,
,Bernard A Harbert,,N,,,,,,,
,Bernard Harbert,,N,,,,,,,
,Bernard N Weatherly,,N,,,,,,,
,Bernarda E Gervais,,N,,,,,,,
,Bernardina X Roesch,,N,,,,,,,
,Bernardo I Garzon,,N,,,,,,,
,Bernardo X Barbee,,N,,,,,,,
,Bernie M Kish,,N,,,,,,,
,Bert Q Lauritzen,,N,,,,,,,
,Bert S Kinkade,,N,,,,,,,
,Bertha E Harbison,,N,,,,,,,
,Beryl Helsel,,N,,,,,,,
,Bethann Marini,,N,,,,,,,
,Bill Tarkington,,N,,,,,,,
,Billie Liang,,N,,,,,,,
,Birdie Savoy,,N,,,,,,,
,Blanch Y Mysliwiec,,N,,,,,,,
,Bo E Curlee,,N,,,,,,,
,Bobbie P Chumley,,N,,,,,,,
,Bobbie Q Holbrook,,N,,,,,,,
,Bobbie S Miner,,N,,,,,,,
,Bobbie X Schoenrock,,N,,,,,,,
,Bong M Alvares,,N,,,,,,,
,Bonny Poor,,N,,,,,,,
,Bonny S Poor,,N,,,,,,,
,Boris A Mccown,,N,,,,,,,
,Brad I Pattison,,N,,,,,,,
,Bradford K Marlatt,,N,,,,,,,
,Brande Sevier,,N,,,,,,,
,Brendon E Mone,,N,,,,,,,
,Brendon J Camp,,N,,,,,,,
,Brendon V Crowther,,N,,,,,,,
,Brent U Perlman,,N,,,,,,,
,Brenton U Boyett,,N,,,,,,,
,Bret C Delancey,,N,,,,,,,
,Brett Z Vadnais,,N,,,,,,,
,Bridget D Spadaro,,N,,,,,,,
,Bridget Rake,,N,,,,,,,
,Brigitte D Fendley,,N,,,,,,,
,Britt P Shivers,,N,,,,,,,
,Britt Shivers,,N,,,,,,,
,Bruna R Welke,,N,,,,,,,
,Bryan J Stampley,,N,,,,,,,
,Bryan V Guyton,,N,,,,,,,
,Bryanna Pyron,,N,,,,,,,
,Bryant L Kinsman,,N,,,,,,,
,Bryce B Edens,,N,,,,,,,
,Buck H Rancourt,,N,,,,,,,
,Buck Rancourt,,N,,,,,,,
,Bud Kistner,,N,,,,,,,
,Bud L Lofgren,,N,,,,,,,
,Bud Lofgren,,N,,,,,,,
,Buddy G Steinbeck,,N,,,,,,,
,Buddy W Lofgren,,N,,,,,,,
,Buford Q Giancola,,N,,,,,,,
,Bula Reich,,N,,,,,,,
,Burton C Jin,,N,,,,,,,
,Caleb Luther,,N,,,,,,,
,Cameron A Chamberland,,N,,,,,,,
,Cameron Chamberland,,N,,,,,,,
,Cameron K Gratton,,N,,,,,,,
,Candelaria Q Zajicek,,N,,,,,,,
,Candelaria Zajicek,,N,,,,,,,
,Carey J Sandlin,,N,,,,,,,
,Carey N Mccready,,N,,,,,,,
,Carl M Paddock,,N,,,,,,,
,Carlo B Ali,,N,,,,,,,
,Carlos Banh,,N,,,,,,,
,Carlotta T Ryles,,N,,,,,,,
,Carlton P Bose,,N,,,,,,,
,Carlton P Mahurin,,N,,,,,,,
,Carly L Sirianni,,N,,,,,,,
,Carmelia E Bergeron,,N,,,,,,,
,Carmelia R Lattimer,,N,,,,,,,
,Carmen F Barret,,N,,,,,,,
,Carmen U Benbow,,N,,,,,,,
,Carmon A Howlett,,N,,,,,,,
,Carolin T Loya,,N,,,,,,,
,Carolina B Pasillas,,N,,,,,,,
,Carolynn V Moynihan,,N,,,,,,,
,Carrol Arend,,N,,,,,,,
,Carrol O Arend,,N,,,,,,,
,Carter B Hilderbrand,,N,,,,,,,
,Carter C Hunt,,N,,,,,,,
,Casey D Krier,,N,,,,,,,
,Cassaundra K Polito,,N,,,,,,,
,Cayla Mealy,,N,,,,,,,
,Cecil Teixeira,,N,,,,,,,
,Cecily D Houser,,N,,,,,,,
,Cedric N Cavallo,,N,,,,,,,
,Cedrick Engelhardt,,N,,,,,,,
,Cedrick K Engelhardt,,N,,,,,,,
,Cedrick M Cordle,,N,,,,,,,
,Celesta L Reeser,,N,,,,,,,
,Celestine H Alderson,,N,,,,,,,
,Celinda C Magruder,,N,,,,,,,
,Celine Baskin,,N,,,,,,,
,Chadwick I Hargreaves,,N,,,,,,,
,Charity N Denman,,N,,,,,,,
,Charles S Nicholes,,N,,,,,,,
,Charlie Moxley,,N,,,,,,,
,Charlie V Koeller,,N,,,,,,,
,Chase J Paradise,,N,,,,,,,
,Chase Paradise,,N,,,,,,,
,Chase T Scurry,,N,,,,,,,
,Chau R Barron,,N,,,,,,,
,Chauncey Southerland,,N,,,,,,,
,Chaya W Caudle,,N,,,,,,,
,Chere Patchett,,N,,,,,,,
,Cheree Lusk,,N,,,,,,,
,Chester N Sitz,,N,,,,,,,
,Chi S Clopton,,N,,,,,,,
,Ching D Applegate,,N,,,,,,,
,Chris Braggs,,N,,,,,,,
,Chrissy H Edmonson,,N,,,,,,,
,Christena Kratz,,N,,,,,,,
,Christene Blakemore,,N,,,,,,,
,Christene F Blakemore,,N,,,,,,,
,Christene L Mccaleb,,N,,,,,,,
,Christi H Amaker,,N,,,,,,,
,Christie Rodger,,N,,,,,,,
,Christoper K Manzano,,N,,,,,,,
,Chung J Moynihan,,N,,,,,,,
,Cicely W Colton,,N,,,,,,,
,Cindie T Madden,,N,,,,,,,
,Clara B Sifuentes,,N,,,,,,,
,Clarence Hinkson,,N,,,,,,,
,Clarence J Hinkson,,N,,,,,,,
,Claretta D Wingert,,N,,,,,,,
,Clark Spence,,N,,,,,,,
,Claudio Q Bien,,N,,,,,,,
,Clemente S Wiechmann,,N,,,,,,,
,Clemmie F Montague,,N,,,,,,,
,Cleveland A Zinke,,N,,,,,,,
,Cleveland Franko,,N,,,,,,,
,Cleveland W Franko,,N,,,,,,,
,Cliff Skipworth,,N,,,,,,,
,Clint Q Orear,,N,,,,,,,
,Clint Q Strayhorn,,N,,,,,,,
,Clint Strayhorn,,N,,,,,,,
,Clinton Tschida,,N,,,,,,,
,Clotilde Mason,,N,,,,,,,
,Clotilde X Mason,,N,,,,,,,
,Clyde P Ponton,,N,,,,,,,
,Cole Dellinger,,N,,,,,,,
,Cole M Dellinger,,N,,,,,,,
,Cole N Poling,,N,,,,,,,
,Colin V Likens,,N,,,,,,,
,Colleen B Lenihan,,N,,,,,,,
,Colton B Salzman,,N,,,,,,,
,Colton Salzman,,N,,,,,,,
,Conrad R Saito,,N,,,,,,,
,Conrad Saito,,N,,,,,,,
,Cordell M Tweedy,,N,,,,,,,
,Cordell Riche,,N,,,,,,,
,Cordia M Knopp,,N,,,,,,,
,Corey F Stowe,,N,,,,,,,
,Corina U Korhonen,,N,,,,,,,
,Cortez F Espiritu,,N,,,,,,,
,Coy I Gentner,,N,,,,,,,
,Cristal Q Kucharski,,N,,,,,,,
,Cristi T Clem,,N,,,,,,,
,Crystal Comes,,N,,,,,,,
,Crystal U Comes,,N,,,,,,,
,Curtis E Quayle,,N,,,,,,,
,Cyndy Ary,,N,,,,,,,
,Cyndy H Ary,,N,,,,,,,
,Cythia I Stecker,,N,,,,,,,
,Daina U Ledet,,N,,,,,,,
,Dale Childers,,N,,,,,,,
,Dale E Childers,,N,,,,,,,
,Damian F Mcgaughey,,N,,,,,,,
,Damian X Grist,,N,,,,,,,
,Damien A Izquierdo,,N,,,,,,,
,Dane Lawrence,,N,,,,,,,
,Danette A Kuykendall,,N,,,,,,,
,Daniel L Nava,,N,,,,,,,
,Danilo Hammes,,N,,,,,,,
,Danilo S Hammes,,N,,,,,,,
,Darcel P Burford,,N,,,,,,,
,Darin Keitt,,N,,,,,,,
,Darin U Shipp,,N,,,,,,,
,Darren U Shoulders,,N,,,,,,,
,Darron Tittle,,N,,,,,,,
,Darwin W Lemoine,,N,,,,,,,
,Davida A Funkhouser,,N,,,,,,,
,Davis Z Gaylor,,N,,,,,,,
,Dawna T Woodbury,,N,,,,,,,
,Dawne Y Gardner,,N,,,,,,,
,Dayna M Edmondson,,N,,,,,,,
,Deandre U Groleau,,N,,,,,,,
,Deane I Keown,,N,,,,,,,
,Deanna P Scoggin,,N,,,,,,,
,Debbie C Lipsey,,N,,,,,,,
,Debrah X Flury,,N,,,,,,,
,Dee Joslyn,,N,,,,,,,
,Deeanna E Cluck,,N,,,,,,,
,Delana I Selfridge,,N,,,,,,,
,Delana Y Freedman,,N,,,,,,,
,Delfina O Day,,N,,,,,,,
,Delphine P Carpio,,N,,,,,,,
,Delsie R Tennison,,N,,,,,,,
,Demarcus Recio,,N,,,,,,,
,Denis T Yelle,,N,,,,,,,
,Denis Y Fehr,,N,,,,,,,
,Dennis K Cayer,,N,,,,,,,
,Deon U Mounce,,N,,,,,,,
,Derick A Macey,,N,,,,,,,
,Derrick Culbreth,,N,,,,,,,
,Deshawn O Mankin,,N,,,,,,,
,Desirae D Ginn,,N,,,,,,,
,Desirae Ginn,,N,,,,,,,
,Desiree L Sobel,,N,,,,,,,
,Detra D Rymer,,N,,,,,,,
,Devin Hales,,N,,,,,,,
,Devin U Hales,,N,,,,,,,
,Dewayne X Groom,,N,,,,,,,
,Dian I Peachey,,N,,,,,,,
,Digna Q Eck,,N,,,,,,,
,Dion K Taylor,,N,,,,,,,
,Dion Taylor,,N,,,,,,,
,Don Southwick,,N,,,,,,,
,Donald H Mazur,,N,,,,,,,
,Donald P Phaneuf,,N,,,,,,,
,Dong B Sturdevant,,N,,,,,,,
,Dong Sturdevant,,N,,,,,,,
,Donna R Woodrum,,N,,,,,,,
,Donnell Babbitt,,N,,,,,,,
,Donte H Granger,,N,,,,,,,
,Donya G Rodden,,N,,,,,,,
,Dorethea U Engram,,N,,,,,,,
,Doria Z Crouse,,N,,,,,,,
,Dorla G Westberry,,N,,,,,,,
,Dorothea J Canterbury,,N,,,,,,,
,Dorothy Gard,,N,,,,,,,
,Dorothy Q Gard,,N,,,,,,,
,Dortha Z Harty,,N,,,,,,,
,Dottie D Hagaman,,N,,,,,,,
,Dottie Hagaman,,N,,,,,,,
,Doug B Southwick,,N,,,,,,,
,Douglas Cull,,N,,,,,,,
,Dovie F Larue,,N,,,,,,,
,Dovie Nickerson,,N,,,,,,,
,Dovie U Nickerson,,N,,,,,,,
,Doyle Grindstaff,,N,,,,,,,
,Doyle N Utter,,N,,,,,,,
,Doyle T Grindstaff,,N,,,,,,,
,Doyle Utter,,N,,,,,,,
,Drucilla Simkins,,N,,,,,,,
,Dudley G Slocum,,N,,,,,,,
,Dudley Slocum,,N,,,,,,,
,Dulce E Grizzard,,N,,,,,,,
,Dulce Grizzard,,N,,,,,,,
,Duncan O Maheu,,N,,,,,,,
,Dustin Y Espey,,N,,,,,,,
,Dusty L Kugler,,N,,,,,,,
,Dwain O Upham,,N,,,,,,,
,Dwain Upham,,N,,,,,,,
,Dwayne Marker,,N,,,,,,,
,Dwayne W Marker,,N,,,,,,,
,Earlean Funke,,N,,,,,,,
,Earlean Y Funke,,N,,,,,,,
,Earnest H Birkholz,,N,,,,,,,
,Eartha Z Oceguera,,N,,,,,,,
,Ed Shockley,,N,,,,,,,
,Ed X Shockley,,N,,,,,,,
,Eda O Brase,,N,,,,,,,
,Edgar Teer,,N,,,,,,,
,Edmund K Masuda,,N,,,,,,,
,Edmund Mcclung,,N,,,,,,,
,Edmundo R Rew,,N,,,,,,,
,Edra M Guthrie,,N,,,,,,,
,Effie Jelinek,,N,,,,,,,
,Efrain L Wass,,N,,,,,,,
,Efrain Moats,,N,,,,,,,
,Efren G Ager,,N,,,,,,,
,Ela K Hames,,N,,,,,,,
,Eladia A Braggs,,N,,,,,,,
,Elaine B Randazzo,,N,,,,,,,
,Eldridge B Bose,,N,,,,,,,
,Eldridge Bose,,N,,,,,,,
,Eldridge M Benningfield,,N,,,,,,,
,Eleanor D Dickson,,N,,,,,,,
,Eleanora Farthing,,N,,,,,,,
,Elease H Burger,,N,,,,,,,
,Elenor B Gibbs,,N,,,,,,,
,Elenora S Whitehill,,N,,,,,,,
,Elenora V Halley,,N,,,,,,,
,Eleonora Pollard,,N,,,,,,,
,Eleonora S Pollard,,N,,,,,,,
,Elias Pinkard,,N,,,,,,,
,Elias Y Pinkard,,N,,,,,,,
,Elijah P Elkin,,N,,,,,,,
,Elijah X Ahmad,,N,,,,,,,
,Eliz R Linneman,,N,,,,,,,
,Elliott Chess,,N,,,,,,,
,Ellis J Mccune,,N,,,,,,,
,Ellis V Mcneel,,N,,,,,,,
,Elmo G Pagano,,N,,,,,,,
,Elois Z Ono,,N,,,,,,,
,Eloise Demoss,,N,,,,,,,
,Eloise Z Demoss,,N,,,,,,,
,Elroy Kimbler,,N,,,,,,,
,Elroy L Shorts,,N,,,,,,,
,Elroy N Kimbler,,N,,,,,,,
,Elsie S Depaz,,N,,,,,,,
,Elsy B Latta,,N,,,,,,,
,Elsy Beyer,,N,,,,,,,
,Elvis J Stroh,,N,,,,,,,
,Elvis Stroh,,N,,,,,,,
,Elvis Veiga,,N,,,,,,,
,Elwood T More,,N,,,,,,,
,Emeline I Richer,,N,,,,,,,
,Emery P Sorrells,,N,,,,,,,
,Emiko Z Lolley,,N,,,,,,,
,Emile Aponte,,N,,,,,,,
,Emma Dice,,N,,,,,,,
,Emma Monti,,N,,,,,,,
,Emma X Monti,,N,,,,,,,
,Emmanuel G Chamorro,,N,,,,,,,
,Emmitt X Plante,,N,,,,,,,
,Employees,,N,,,,,,,
,Ena Mullins,,N,,,,,,,
,Ena Thor,,N,,,,,,,
,Enda Kirchner,,N,,,,,,,
,Eric C Irvine,,N,,,,,,,
,Erica S Harlan,,N,,,,,,,
,Erik W Steffen,,N,,,,,,,
,Erin K Stclair,,N,,,,,,,
,Erin L Jasmin,,N,,,,,,,
,Ernestine E Fludd,,N,,,,,,,
,Ernestine Fludd,,N,,,,,,,
,Esmeralda N Veliz,,N,,,,,,,
,Estella E Miley,,N,,,,,,,
,Etsuko O Wilmot,,N,,,,,,,
,Ettie S Stilwell,,N,,,,,,,
,Eveline B Strecker,,N,,,,,,,
,Evon Q Lawson,,N,,,,,,,
,Ewa B Staples,,N,,,,,,,
,Exie C Bradham,,N,,,,,,,
,Ezequiel N Shell,,N,,,,,,,
,Ezra Calvert,,N,,,,,,,
,Fabian Say,,N,,,,,,,
,Faustino Scheffel,,N,,,,,,,
,Fawn Buckman,,N,,,,,,,
,Fe A Schrock,,N,,,,,,,
,Federico B Edmond,,N,,,,,,,
,Federico Edmond,,N,,,,,,,
,Federico I Carlile,,N,,,,,,,
,Felisha Q Ettinger,,N,,,,,,,
,Felix S Croker,,N,,,,,,,
,Femi Grek,,N,,,,,,,
,Ferdinand Ramsdell,,N,,,,,,,
,Fermin L Zapata,,N,,,,,,,
,Fernando Korhonen,,N,,,,,,,
,Fernando S Korhonen,,N,,,,,,,
,Forest Z Blewett,,N,,,,,,,
,Forest Z Hacker,,N,,,,,,,
,Forrest Q Zell,,N,,,,,,,
,Francis O Encarnacion,,N,,,,,,,
,Frank O Mallon,,N,,,,,,,
,Frankie I Speed,,N,,,,,,,
,Franklyn V Hummell,,N,,,,,,,
,Freddie C Headen,,N,,,,,,,
,Freddy A Rolling,,N,,,,,,,
,Freddy Rolling,,N,,,,,,,
,Fredericka J Varney,,N,,,,,,,
,Gabriel E Pearsall,,N,,,,,,,
,Gabriel S Beale,,N,,,,,,,
,Galina G Woodbury,,N,,,,,,,
,Garland J Verville,,N,,,,,,,
,Garland Z Leavell,,N,,,,,,,
,Garnett Dryer,,N,,,,,,,
,Garret Flakes,,N,,,,,,,
,Garrett Nolette,,N,,,,,,,
,Garrett S Nolette,,N,,,,,,,
,Gavin V Mckillip,,N,,,,,,,
,Gearldine Stolte,,N,,,,,,,
,Gema S Grover,,N,,,,,,,
,Gemma I Chilton,,N,,,,,,,
,Genaro Lukasik,,N,,,,,,,
,George U Clouser,,N,,,,,,,
,Georgiann C Harrell,,N,,,,,,,
,Georgiann Harrell,,N,,,,,,,
,Gerardo Q Bergen,,N,,,,,,,
,Geri M Tuthill,,N,,,,,,,
,Gerry D Woolery,,N,,,,,,,
,Gerry Harvey,,N,,,,,,,
,Gerry X Koh,,N,,,,,,,
,Gertrud B Glidden,,N,,,,,,,
,Gertrud Glidden,,N,,,,,,,
,Gia M Casas,,N,,,,,,,
,Gidget X Loring,,N,,,,,,,
,Gilbert M Wolfgram,,N,,,,,,,
,Gilbert Z Bloss,,N,,,,,,,
,Gilberto U Greaves,,N,,,,,,,
,Giovanna M Clift,,N,,,,,,,
,Giuseppe D Chouinard,,N,,,,,,,
,Giuseppina Dagostino,,N,,,,,,,
,Giuseppina E Fink,,N,,,,,,,
,Giuseppina N Dagostino,,N,,,,,,,
,Glady Q Kump,,N,,,,,,,
,Glenn N Vinyard,,N,,,,,,,
,Glenn Vinyard,,N,,,,,,,
,Gracie P Lett,,N,,,,,,,
,Grady Y Perera,,N,,,,,,,
,Graham O Romeo,,N,,,,,,,
,Gregorio H Hottinger,,N,,,,,,,
,Gregory I Kidwell,,N,,,,,,,
,Grisel R Whitty,,N,,,,,,,
,Grisel Sutton,,N,,,,,,,
,Grover Mcgahey,,N,,,,,,,
,Guillermo X Schwan,,N,,,,,,,
,Gustavo F Rouse,,N,,,,,,,
,Guy S Troy,,N,,,,,,,
,Gwyn E Etzel,,N,,,,,,,
,Gwyn Etzel,,N,,,,,,,
,Gwyn I Parish,,N,,,,,,,
,Gwyn N Mitzel,,N,,,,,,,
,Hai Y Arden,,N,,,,,,,
,Hal K Kells,,N,,,,,,,
,Hal Kells,,N,,,,,,,
,Haley G Bova,,N,,,,,,,
,Hannah K Ma,,N,,,,,,,
,Hans G Koh,,N,,,,,,,
,Harland S Renshaw,,N,,,,,,,
,Harriett A Mccurry,,N,,,,,,,
,Hassan Radabaugh,,N,,,,,,,
,Hayden E Novack,,N,,,,,,,
,Hayden J Jang,,N,,,,,,,
,Heath Aikin,,N,,,,,,,
,Heath Fell,,N,,,,,,,
,Heath K Fell,,N,,,,,,,
,Herb B Irving,,N,,,,,,,
,Heriberto Rollo,,N,,,,,,,
,Heriberto Starkey,,N,,,,,,,
,Heriberto Y Starkey,,N,,,,,,,
,Herlinda U Negron,,N,,,,,,,
,Hermila X Crosslin,,N,,,,,,,
,Hester B Cabana,,N,,,,,,,
,Hettie S Lauber,,N,,,,,,,
,Hiram K Stokely,,N,,,,,,,
,Holley M Cathcart,,N,,,,,,,
,Holli G Ethridge,,N,,,,,,,
,Hollis Z Carr,,N,,,,,,,
,Homer Hollowell,,N,,,,,,,
,Honey D Eaves,,N,,,,,,,
,Hong M Townson,,N,,,,,,,
,Horace Hobart,,N,,,,,,,
,Horacio S Salazar,,N,,,,,,,
,Hosea B Michelson,,N,,,,,,,
,Houston K Joe,,N,,,,,,,
,Hoyt O Reiss,,N,,,,,,,
,Hubert L Kirkland,,N,,,,,,,
,Hugh N Chavira,,N,,,,,,,
,Hui Bizzell,,N,,,,,,,
,Hui E Bizzell,,N,,,,,,,
,Hung H Nicola,,N,,,,,,,
,Hyun M Gloss,,N,,,,,,,
,Hyun Z Bynoe,,N,,,,,,,
,Iliana Fogle,,N,,,,,,,
,Iliana M Fogle,,N,,,,,,,
,Ilse X Harr,,N,,,,,,,
,Ingeborg Z Weisser,,N,,,,,,,
,Inger Gillan,,N,,,,,,,
,Inocencia Z Buteau,,N,,,,,,,
,Irene Ellerbee,,N,,,,,,,
,Irving C Pillar,,N,,,,,,,
,Irwin River,,N,,,,,,,
,Isaac O Dempster,,N,,,,,,,
,Isaac Tsan,,N,,,,,,,
,Isabella X Russell,,N,,,,,,,
,Isaiah G Parrish,,N,,,,,,,
,Isaiah Y Magwood,,N,,,,,,,
,Isiah S Coppock,,N,,,,,,,
,Isiah Wilkie,,N,,,,,,,
,Isis F Hash,,N,,,,,,,
,Isis N Rufus,,N,,,,,,,
,Isobel K Dance,,N,,,,,,,
,Israel T Hertzler,,N,,,,,,,
,Isreal F Metoyer,,N,,,,,,,
,Isreal Metoyer,,N,,,,,,,
,Ivan A Groner,,N,,,,,,,
,Izetta B Alford,,N,,,,,,,
,Izola E Ye,,N,,,,,,,
,Jacinda X Michalec,,N,,,,,,,
,Jacinta Y Cheney,,N,,,,,,,
,Jack J Warfel,,N,,,,,,,
,Jack Partin,,N,,,,,,,
,Jackie P Montague,,N,,,,,,,
,Jackie Sachs,,N,,,,,,,
,Jae B Isabell,,N,,,,,,,
,Jaleesa I Averett,,N,,,,,,,
,Jamaal Resto,,N,,,,,,,
,Jamaal Z Resto,,N,,,,,,,
,Jamal G Dimarco,,N,,,,,,,
,Jamel Meaney,,N,,,,,,,
,Jamey S Seim,,N,,,,,,,
,Jamison Crutchfield,,N,,,,,,,
,Jamison U Crutchfield,,N,,,,,,,
,Janean A Tyler,,N,,,,,,,
,Janessa M Drennen,,N,,,,,,,
,Janie P Caswell,,N,,,,,,,
,Jaquelyn C Holzman,,N,,,,,,,
,Jarred C Class,,N,,,,,,,
,Jarred Class,,N,,,,,,,
,Jason V Gravois,,N,,,,,,,
,Jasper P Barnaby,,N,,,,,,,
,Jayme B Shimer,,N,,,,,,,
,Jayson S Carrol,,N,,,,,,,
,Jazmin Wheless,,N,,,,,,,
,Jc Meyers,,N,,,,,,,
,Jc S Meyers,,N,,,,,,,
,Jeanetta N Norden,,N,,,,,,,
,Jeanna U Li,,N,,,,,,,
,Jeff E Lucero,,N,,,,,,,
,Jeff Mallon,,N,,,,,,,
,Jeff W Zacarias,,N,,,,,,,
,Jefferey Folkerts,,N,,,,,,,
,Jefferson N Thurman,,N,,,,,,,
,Jeffery A Brafford,,N,,,,,,,
,Jeffrey Berg,,N,,,,,,,
,Jenell S Sauers,,N,,,,,,,
,Jeneva Y Bybee,,N,,,,,,,
,Jennefer Ours,,N,,,,,,,
,Jenni Olguin,,N,,,,,,,
,Jennifer Z Pridgen,,N,,,,,,,
,Jeramy F Metoyer,,N,,,,,,,
,Jeramy T Londono,,N,,,,,,,
,Jeremiah Harriss,,N,,,,,,,
,Jeremiah N Curran,,N,,,,,,,
,Jeremy Belew,,N,,,,,,,
,Jerlene P Dunnigan,,N,,,,,,,
,Jerome P Whitefield,,N,,,,,,,
,Jerome Spangler,,N,,,,,,,
,Jerome Whitefield,,N,,,,,,,
,Jerrell Mcfarlin,,N,,,,,,,
,Jerri Dunkle,,N,,,,,,,
,Jesus E Mclelland,,N,,,,,,,
,Jesus H Guillen,,N,,,,,,,
,Jesus Tafolla,,N,,,,,,,
,Jewel R Willhite,,N,,,,,,,
,Jillian Harry,,N,,,,,,,
,Jim J Lurie,,N,,,,,,,
,Jimmie A Rorie,,N,,,,,,,
,Jimmie Esqueda,,N,,,,,,,
,Jimmie F Vasquez,,N,,,,,,,
,Jimmy Canaday,,N,,,,,,,
,Joanie N Folkerts,,N,,,,,,,
,Joanna Deforest,,N,,,,,,,
,Joanna H Deforest,,N,,,,,,,
,Joanna M Sandefur,,N,,,,,,,
,Joannie E Wolters,,N,,,,,,,
,Joaquin Vaz,,N,,,,,,,
,Jocelyn Q Scotti,,N,,,,,,,
,Jody K Rude,,N,,,,,,,
,Jody Slavens,,N,,,,,,,
,Joel S Maine,,N,,,,,,,
,Joesph Y Shrout,,N,,,,,,,
,Johnie Centers,,N,,,,,,,
,Johnie V Centers,,N,,,,,,,
,Jolanda Dewees,,N,,,,,,,
,Jolanda L Dewees,,N,,,,,,,
,Joleen H Chea,,N,,,,,,,
,Joline Frisby,,N,,,,,,,
,Jon Arvizu,,N,,,,,,,
,Jon Behler,,N,,,,,,,
,Jong Borchers,,N,,,,,,,
,Jong U Borchers,,N,,,,,,,
,Jordan D Phu,,N,,,,,,,
,Jordan Phu,,N,,,,,,,
,Jorge R Coghlan,,N,,,,,,,
,Jose P Tubbs,,N,,,,,,,
,Josette Betancourt,,N,,,,,,,
,Josette R Betancourt,,N,,,,,,,
,Josiah R Gutierres,,N,,,,,,,
,Josie Hofman,,N,,,,,,,
,Judith D Gourdine,,N,,,,,,,
,Judith Gourdine,,N,,,,,,,
,Judson Y Hodson,,N,,,,,,,
,Jules Shugart,,N,,,,,,,
,Julio Bryce,,N,,,,,,,
,Julio Dockery,,N,,,,,,,
,Julio P Bryce,,N,,,,,,,
,Julio P Dockery,,N,,,,,,,
,Julius N Bakker,,N,,,,,,,
,Julius Q Stock,,N,,,,,,,
,Junita Huhn,,N,,,,,,,
,Junita Y Huhn,,N,,,,,,,
,Kaci Whitacre,,N,,,,,,,
,Kacy Cairns,,N,,,,,,,
,Kali Kennamer,,N,,,,,,,
,Kandis Owenby,,N,,,,,,,
,Karie Renninger,,N,,,,,,,
,Karima Metivier,,N,,,,,,,
,Karisa B Glidewell,,N,,,,,,,
,Karisa Glidewell,,N,,,,,,,
,Karl O Langlinais,,N,,,,,,,
,Karlene L Mckean,,N,,,,,,,
,Kasi Blakeslee,,N,,,,,,,
,Kassie Akers,,N,,,,,,,
,Kassie Q Binder,,N,,,,,,,
,Kate O Paull,,N,,,,,,,
,Katelin F Coney,,N,,,,,,,
,Katheryn Holtzclaw,,N,,,,,,,
,Katia Foran,,N,,,,,,,
,Katie N Kinnison,,N,,,,,,,
,Kaye Tubbs,,N,,,,,,,
,Keenan W Spruell,,N,,,,,,,
,Keila A Lucas,,N,,,,,,,
,Keila F Lofland,,N,,,,,,,
,Keira Till,,N,,,,,,,
,Keira Y Till,,N,,,,,,,
,Keith B Macha,,N,,,,,,,
,Keith E Moyes,,N,,,,,,,
,Keith Q Ofarrell,,N,,,,,,,
,Keitha Foran,,N,,,,,,,
,Kellee L Gravelle,,N,,,,,,,
,Ken X Weisberg,,N,,,,,,,
,Kendrick Burchette,,N,,,,,,,
,Kendrick C Burchette,,N,,,,,,,
,Kenneth Lucius,,N,,,,,,,
,Kenton Q Villalta,,N,,,,,,,
,Kenton Villalta,,N,,,,,,,
,Kermit L Mcphail,,N,,,,,,,
,Kermit Mcphail,,N,,,,,,,
,Kerri Y Card,,N,,,,,,,
,Keven A Jewell,,N,,,,,,,
,Keven Bingham,,N,,,,,,,
,Keven F Bingham,,N,,,,,,,
,Keven H Araiza,,N,,,,,,,
,Khalilah A Campo,,N,,,,,,,
,Kiara G Abrahamson,,N,,,,,,,
,Kiara T Martinez,,N,,,,,,,
,Kieth D Castelli,,N,,,,,,,
,Kieth G Coney,,N,,,,,,,
,Kimberlee J Hawkins,,N,,,,,,,
,Kimberly Duquette,,N,,,,,,,
,Kimberly K Carr,,N,,,,,,,
,Kindra V Cruickshank,,N,,,,,,,
,Kirby W Estrella,,N,,,,,,,
,Kirstie Macey,,N,,,,,,,
,Kirstie W Macey,,N,,,,,,,
,Kitty S Sickles,,N,,,,,,,
,Kizzy W Brazelton,,N,,,,,,,
,Korey I Garrity,,N,,,,,,,
,Korey U Eddington,,N,,,,,,,
,Kori J Fairfax,,N,,,,,,,
,Kraig P Brownfield,,N,,,,,,,
,Kris Bice,,N,,,,,,,
,Kris L Bice,,N,,,,,,,
,Krishna G Raby,,N,,,,,,,
,Krissy S Valazquez,,N,,,,,,,
,Kristal F Bickford,,N,,,,,,,
,Kristen A Beauchemin,,N,,,,,,,
,Kristie E Jain,,N,,,,,,,
,Kristle D Figgs,,N,,,,,,,
,Kristofer N Calahan,,N,,,,,,,
,Kristofer Y Fizer,,N,,,,,,,
,Kristopher Alejos,,N,,,,,,,
,Kurtis C Irons,,N,,,,,,,
,Kylie K Freda,,N,,,,,,,
,Lacy Deshotel,,N,,,,,,,
,Lacy Q Deshotel,,N,,,,,,,
,Lakenya Z Mccroskey,,N,,,,,,,
,Lala C Marquez,,N,,,,,,,
,Lala R Denman,,N,,,,,,,
,Lamar A Partida,,N,,,,,,,
,Lamar L Legg,,N,,,,,,,
,Lamar W Estill,,N,,,,,,,
,Lamont J Brescia,,N,,,,,,,
,Lance Pennington,,N,,,,,,,
,Lanelle W Berlanga,,N,,,,,,,
,Larisa Still,,N,,,,,,,
,Larisa X Strauss,,N,,,,,,,
,Larry K Mash,,N,,,,,,,
,Larry Osby,,N,,,,,,,
,Lashaunda Y Munden,,N,,,,,,,
,Latanya C Law,,N,,,,,,,
,Latia Gleaton,,N,,,,,,,
,Latrice Kirch,,N,,,,,,,
,Launa N Kohl,,N,,,,,,,
,Lauren O Guzzi,,N,,,,,,,
,Lauren R Hennessy,,N,,,,,,,
,Laurena P Caston,,N,,,,,,,
,Laurence K Ryles,,N,,,,,,,
,Laurinda Dinh,,N,,,,,,,
,Lavada Maldanado,,N,,,,,,,
,Lavada W Maldanado,,N,,,,,,,
,Lavette P Cheney,,N,,,,,,,
,Lawerence W Abernethy,,N,,,,,,,
,Leanna X Tibbetts,,N,,,,,,,
,Leda X Haskell,,N,,,,,,,
,Leda Y Fabre,,N,,,,,,,
,Leif Harness,,N,,,,,,,
,Leif Y Harness,,N,,,,,,,
,Leigh Y Haws,,N,,,,,,,
,Leland C Fifield,,N,,,,,,,
,Leland David,,N,,,,,,,
,Lemuel V Darden,,N,,,,,,,
,Lemuel W Hardman,,N,,,,,,,
,Lenny U Rister,,N,,,,,,,
,Leonel S Yuan,,N,,,,,,,
,Leonia Y Derosier,,N,,,,,,,
,Leonore Reason,,N,,,,,,,
,Leopoldo U Hole,,N,,,,,,,
,Leroy H Styron,,N,,,,,,,
,Les Priolo,,N,,,,,,,
,Les V Bejarano,,N,,,,,,,
,Les V Gran,,N,,,,,,,
,Lesha K Cai,,N,,,,,,,
,Lesley Macpherson,,N,,,,,,,
,Leslie I Stolte,,N,,,,,,,
,Leslie Stolte,,N,,,,,,,
,Lester Coldiron,,N,,,,,,,
,Letha L Apel,,N,,,,,,,
,Leticia V Lewandowski,,N,,,,,,,
,Lewis M Racette,,N,,,,,,,
,Lezlie Z Bohannan,,N,,,,,,,
,Lia J Liner,,N,,,,,,,
,Lia Liner,,N,,,,,,,
,Liana T Quesenberry,,N,,,,,,,
,Liane U Grafton,,N,,,,,,,
,Lianne M Sweeney,,N,,,,,,,
,Lianne Sweeney,,N,,,,,,,
,Liberty A Shroyer,,N,,,,,,,
,Lidia Kuiper,,N,,,,,,,
,Lidia S Gerling,,N,,,,,,,
,Ligia Hoeft,,N,,,,,,,
,Lilli Tartt,,N,,,,,,,
,Lincoln D Cauley,,N,,,,,,,
,Lincoln D Demaria,,N,,,,,,,
,Lincoln Demaria,,N,,,,,,,
,Lindsey W Whittle,,N,,,,,,,
,Lindy M Reel,,N,,,,,,,
,Linette Q Menard,,N,,,,,,,
,Linh U Ashton,,N,,,,,,,
,Linn Plummer,,N,,,,,,,
,Lino M Lizarraga,,N,,,,,,,
,Linsey P Orsini,,N,,,,,,,
,Linwood H Carter,,N,,,,,,,
,Linwood J Franqui,,N,,,,,,,
,Lisa C Sheridan,,N,,,,,,,
,Lisette F Cowley,,N,,,,,,,
,Liz R Lomonaco,,N,,,,,,,
,Lizzette G Moyle,,N,,,,,,,
,Lizzette Moyle,,N,,,,,,,
,Lizzie D Ratcliff,,N,,,,,,,
,Logan D Berryman,,N,,,,,,,
,Lois Cozad,,N,,,,,,,
,Lona T Collar,,N,,,,,,,
,Londa Petrey,,N,,,,,,,
,Londa T Maya,,N,,,,,,,
,Loraine Barnes,,N,,,,,,,
,Loralee V Ball,,N,,,,,,,
,Loren H Mckenzie,,N,,,,,,,
,Loren I Casady,,N,,,,,,,
,Loren Isaac,,N,,,,,,,
,Lorette Y Petrillo,,N,,,,,,,
,Lorri Garney,,N,,,,,,,
,Lorriane P Ho,,N,,,,,,,
,Lottie Bonin,,N,,,,,,,
,Lottie G Bonin,,N,,,,,,,
,Lou Baine,,N,,,,,,,
,Louann X Sakamoto,,N,,,,,,,
,Love G Lent,,N,,,,,,,
,Lowell Demmer,,N,,,,,,,
,Lucas Funes,,N,,,,,,,
,Lucas P Funes,,N,,,,,,,
,Luciana N Campfield,,N,,,,,,,
,Lucienne U Clyne,,N,,,,,,,
,Lucinda Z Borton,,N,,,,,,,
,Lucius C Moorhead,,N,,,,,,,
,Lucy Reiser,,N,,,,,,,
,Luella W Kemmerer,,N,,,,,,,
,Luigi G Lembo,,N,,,,,,,
,Luke S Tumlin,,N,,,,,,,
,Lyla Donald,,N,,,,,,,
,Lyla Q Donald,,N,,,,,,,
,Lyn Q Tso,,N,,,,,,,
,Lyn Tso,,N,,,,,,,
,Lyndon Dunkley,,N,,,,,,,
,Lynn M Blocher,,N,,,,,,,
,Lynwood Durfee,,N,,,,,,,
,Lynwood Q Durfee,,N,,,,,,,
,Mac Lineberry,,N,,,,,,,
,Mac U Palmquist,,N,,,,,,,
,Mac V Lineberry,,N,,,,,,,
,Mack L Lykes,,N,,,,,,,
,Madalene J Martine,,N,,,,,,,
,Madelyn W Boos,,N,,,,,,,
,Magaly Mcneel,,N,,,,,,,
,Magaly U Mcneel,,N,,,,,,,
,Maire Mair,,N,,,,,,,
,Malcolm Y Bonaparte,,N,,,,,,,
,Malcom Darrah,,N,,,,,,,
,Malcom L Meister,,N,,,,,,,
,Man W Bean,,N,,,,,,,
,Mandy Lavalley,,N,,,,,,,
,Mandy W Lavalley,,N,,,,,,,
,Marcell T Farias,,N,,,,,,,
,Marcella Mapp,,N,,,,,,,
,Marcella Z Mapp,,N,,,,,,,
,Marcellus H Macintyre,,N,,,,,,,
,Marcellus Jalbert,,N,,,,,,,
,Marco J Desilva,,N,,,,,,,
,Marg Dunfee,,N,,,,,,,
,Margarett E Mulford,,N,,,,,,,
,Margarite E Blalock,,N,,,,,,,
,Margarito M Oxendine,,N,,,,,,,
,Margarito O Retana,,N,,,,,,,
,Margarito Retana,,N,,,,,,,
,Marget Dials,,N,,,,,,,
,Margit E Gallion,,N,,,,,,,
,Margit Gallaher,,N,,,,,,,
,Margrett M Confer,,N,,,,,,,
,Mariam F Pinheiro,,N,,,,,,,
,Mariano F Leary,,N,,,,,,,
,Mariano Y Kyles,,N,,,,,,,
,Maricela Pendergrass,,N,,,,,,,
,Marina X Quayle,,N,,,,,,,
,Maris S Briggs,,N,,,,,,,
,Marissa S Hughes,,N,,,,,,,
,Marivel Seiter,,N,,,,,,,
,Mark F Hamman,,N,,,,,,,
,Marketta Candelaria,,N,,,,,,,
,Markus J Lamm,,N,,,,,,,
,Marlana W Zak,,N,,,,,,,
,Marleen R Guyette,,N,,,,,,,
,Marlon M Caddell,,N,,,,,,,
,Marni O Otter,,N,,,,,,,
,Mary Y Tate,,N,,,,,,,
,Maryellen E Zackery,,N,,,,,,,
,Maryellen H Hartness,,N,,,,,,,
,Maryjo Mccloy,,N,,,,,,,
,Maryln H Springfield,,N,,,,,,,
,Marylouise Howland,,N,,,,,,,
,Marylyn K Ditto,,N,,,,,,,
,Marylynn Ealey,,N,,,,,,,
,Marylynn G Ealey,,N,,,,,,,
,Mason Shiflett,,N,,,,,,,
,Mathilda Monty,,N,,,,,,,
,Matt D Bramblett,,N,,,,,,,
,Mauricio I Streets,,N,,,,,,,
,Mauricio U Talty,,N,,,,,,,
,Maximina K Frates,,N,,,,,,,
,Maxwell Azevedo,,N,,,,,,,
,Maxwell H Azevedo,,N,,,,,,,
,Maybelle Rush,,N,,,,,,,
,Mckinley H Scofield,,N,,,,,,,
,Meda I Hayner,,N,,,,,,,
,Mei H Silvera,,N,,,,,,,
,Melida R Corle,,N,,,,,,,
,Mellissa Hembree,,N,,,,,,,
,Mervin E Goering,,N,,,,,,,
,Mervin Goering,,N,,,,,,,
,Meryl B Jude,,N,,,,,,,
,Meryl Gow,,N,,,,,,,
,Meryl I Nau,,N,,,,,,,
,Meryl Nau,,N,,,,,,,
,Mica Z Herzberg,,N,,,,,,,
,Micaela N Buker,,N,,,,,,,
,Micheal F Mcleroy,,N,,,,,,,
,Mickey E Hentges,,N,,,,,,,
,Mickey Hentges,,N,,,,,,,
,Micki R Jauregui,,N,,,,,,,
,Mignon H Ballesteros,,N,,,,,,,
,Mignon Q Dills,,N,,,,,,,
,Miguel P Karp,,N,,,,,,,
,Mika J Rodriquez,,N,,,,,,,
,Mika Rodriquez,,N,,,,,,,
,Mike A Waddington,,N,,,,,,,
,Miles Lambert,,N,,,,,,,
,Miles N Light,,N,,,,,,,
,Millicent G Mangan,,N,,,,,,,
,Millicent Mangan,,N,,,,,,,
,Min X Buckmaster,,N,,,,,,,
,Mina P Shotwell,,N,,,,,,,
,Mina Shotwell,,N,,,,,,,
,Minta J Branham,,N,,,,,,,
,Mirian E Gorman,,N,,,,,,,
,Mirtha Herzig,,N,,,,,,,
,Mirtha X Herzig,,N,,,,,,,
,Misti H Mendenhall,,N,,,,,,,
,Misti Royal,,N,,,,,,,
,Moises U Hughs,,N,,,,,,,
,Molly U Rasch,,N,,,,,,,
,Monte F Mcginn,,N,,,,,,,
,Monty C Hughes,,N,,,,,,,
,Morgan Carriere,,N,,,,,,,
,Morgan K Rathbun,,N,,,,,,,
,Morgan Leonetti,,N,,,,,,,
,Morgan O Carriere,,N,,,,,,,
,Morgan V Leonetti,,N,,,,,,,
,Mose Brucker,,N,,,,,,,
,Mose O Brucker,,N,,,,,,,
,Mumin Yusha,,N,,,,,,,
,Murray D Pennock,,N,,,,,,,
,Myles G Strum,,N,,,,,,,
,Myra H Parra,,N,,,,,,,
,Myron Elsea,,N,,,,,,,
,Myron V Elsea,,N,,,,,,,
,Nadia B Rosner,,N,,,,,,,
,Nancy V Trogdon,,N,,,,,,,
,Nannette Ressler,,N,,,,,,,
,Nannie Z Seeman,,N,,,,,,,
,Narcisa C Rayburn,,N,,,,,,,
,Natasha L Mcelhannon,,N,,,,,,,
,Nathan Avendano,,N,,,,,,,
,Nathan V Avendano,,N,,,,,,,
,Nathanael G Mcmillin,,N,,,,,,,
,Nathanael Halloway,,N,,,,,,,
,Nathanael W Ohl,,N,,,,,,,
,Neil Gebhard,,N,,,,,,,
,Neil V Gebhard,,N,,,,,,,
,Neil Z Stoughton,,N,,,,,,,
,Nelida E Cheeks,,N,,,,,,,
,Nella Mckeown,,N,,,,,,,
,Nelson Dubuc,,N,,,,,,,
,Nelson O Dubuc,,N,,,,,,,
,Neomi P Pitchford,,N,,,,,,,
,Nestor T Ventura,,N,,,,,,,
,Nettie T Mccandless,,N,,,,,,,
,Newton L Cromartie,,N,,,,,,,
,Newton V Scalia,,N,,,,,,,
,Ngoc P Pogue,,N,,,,,,,
,Ngoc X Watson,,N,,,,,,,
,Nicholas B Salcedo,,N,,,,,,,
,Nick Q Packard,,N,,,,,,,
,Nickolas G Grossi,,N,,,,,,,
,Nicola S Bellis,,N,,,,,,,
,Nicolle A Crothers,,N,,,,,,,
,Nigel K Wadsworth,,N,,,,,,,
,Nigel O Sansom,,N,,,,,,,
,Nigel V Dupras,,N,,,,,,,
,Nikia Z Thrasher,,N,,,,,,,
,Nilsa Arambula,,N,,,,,,,
,Noah O Love,,N,,,,,,,
,Noble Sanderson,,N,,,,,,,
,Noel Garon,,N,,,,,,,
,Nolan V Velazco,,N,,,,,,,
,Norris P Ewen,,N,,,,,,,
,Novella B Osman,,N,,,,,,,
,Novella Osman,,N,,,,,,,
,Odette Gorden,,N,,,,,,,
,Olevia U Cartier,,N,,,,,,,
,Oliver Mouzon,,N,,,,,,,
,Omer H Moultrie,,N,,,,,,,
,Ona K Koepp,,N,,,,,,,
,Oren M Mcnabb,,N,,,,,,,
,Oren Mcnabb,,N,,,,,,,
,Orval N Pichardo,,N,,,,,,,
,Orval Olinger,,N,,,,,,,
,Orval Q Olinger,,N,,,,,,,
,Orval Q Schlesinger,,N,,,,,,,
,Orville Marcantel,,N,,,,,,,
,Orville Massey,,N,,,,,,,
,Oscar R Bovee,,N,,,,,,,
,Oswaldo Baumbach,,N,,,,,,,
,Otha Sylvester,,N,,,,,,,
,Otha T Orrell,,N,,,,,,,
,Otto Reilly,,N,,,,,,,
,Palmer O Beamer,,N,,,,,,,
,Pansy Duchesne,,N,,,,,,,
,Pansy F Duchesne,,N,,,,,,,
,Paola R Timberlake,,N,,,,,,,
,Paris U Leite,,N,,,,,,,
,Patria D Riedel,,N,,,,,,,
,Patrick H Gilleland,,N,,,,,,,
,Patty Hosey,,N,,,,,,,
,Paz J Hegwood,,N,,,,,,,
,Perry E Huddleston,,N,,,,,,,
,Perry Outland,,N,,,,,,,
,Pete B Donnelly,,N,,,,,,,
,Petrina B Dampier,,N,,,,,,,
,Petrina Dampier,,N,,,,,,,
,Phil Czarnecki,,N,,,,,,,
,Phil G Czarnecki,,N,,,,,,,
,Phil T Urena,,N,,,,,,,
,Philip Trinidad,,N,,,,,,,
,Philip X Trinidad,,N,,,,,,,
,Phillip Crabill,,N,,,,,,,
,Phyllis Figueredo,,N,,,,,,,
,Porfirio Houghton,,N,,,,,,,
,Porsche Dearing,,N,,,,,,,
,Prince Maloof,,N,,,,,,,
,Providencia Hennings,,N,,,,,,,
,Queenie M Alder,,N,,,,,,,
,Quinn Linneman,,N,,,,,,,
,Rachelle M Burkhead,,N,,,,,,,
,Rafaela Madrid,,N,,,,,,,
,Rafaela N Madrid,,N,,,,,,,
,Raguel Yeager,,N,,,,,,,
,Ramon Heldt,,N,,,,,,,
,Ramona V Hemphill,,N,,,,,,,
,Ramona W Rand,,N,,,,,,,
,Ramonita Z Fincher,,N,,,,,,,
,Randal J Kahle,,N,,,,,,,
,Randal Kahle,,N,,,,,,,
,Randee O Cassity,,N,,,,,,,
,Randee X Blunt,,N,,,,,,,
,Raphael W Kellner,,N,,,,,,,
,Rashida M Durante,,N,,,,,,,
,Raye T Willmon,,N,,,,,,,
,Raymon I Chavarria,,N,,,,,,,
,Raymond U Flavin,,N,,,,,,,
,Raymundo Pecora,,N,,,,,,,
,Reagan H Costas,,N,,,,,,,
,Reanna I Hampton,,N,,,,,,,
,Reatha E Osby,,N,,,,,,,
,Rebeca Kromer,,N,,,,,,,
,Reed O Vella,,N,,,,,,,
,Reed Vella,,N,,,,,,,
,Reggie Cramer,,N,,,,,,,
,Reinaldo Castellanos,,N,,,,,,,
,Reinaldo G Castellanos,,N,,,,,,,
,Renaldo K Cheatham,,N,,,,,,,
,Rene Morel,,N,,,,,,,
,Ressie Goodwyn,,N,,,,,,,
,Ressie I Goodwyn,,N,,,,,,,
,Retha G Nealy,,N,,,,,,,
,Rex K Dion,,N,,,,,,,
,Reyes X Segal,,N,,,,,,,
,Reynalda M Millwood,,N,,,,,,,
,Reynaldo S Service,,N,,,,,,,
,Rhett A Chapple,,N,,,,,,,
,Rhett H Goode,,N,,,,,,,
,Rich Cleek,,N,,,,,,,
,Rich Q Rehberg,,N,,,,,,,
,Rich Rehberg,,N,,,,,,,
,Richard C Truman,,N,,,,,,,
,Richard J Fetter,,N,,,,,,,
,Richelle Haffner,,N,,,,,,,
,Richie I Weisz,,N,,,,,,,
,Rick E Armenta,,N,,,,,,,
,Rick Y Haefner,,N,,,,,,,
,Rickey I Delk,,N,,,,,,,
,Rina L Chacon,,N,,,,,,,
,Rob Spier,,N,,,,,,,
,Robbie N Heckman,,N,,,,,,,
,Robert Ancheta,,N,,,,,,,
,Robert C Ancheta,,N,,,,,,,
,Robert F Trudeau,,N,,,,,,,
,Robert Winsor,,N,,,,,,,
,Roberto A Fresquez,,N,,,,,,,
,Roberto U Derry,,N,,,,,,,
,Robin Z Stewart,,N,,,,,,,
,Rod Catania,,N,,,,,,,
,Rodney Leonardo,,N,,,,,,,
,Rogelio Finnerty,,N,,,,,,,
,Rogelio Ledezma,,N,,,,,,,
,Rolando Womble,,N,,,,,,,
,Ronnie E Swim,,N,,,,,,,
,Ronnie G Gumbs,,N,,,,,,,
,Ronnie H Upton,,N,,,,,,,
,Ronnie Upton,,N,,,,,,,
,Rory Syed,,N,,,,,,,
,Rosa Iler,,N,,,,,,,
,Rosaline H Brenneman,,N,,,,,,,
,Rosalva G Shepley,,N,,,,,,,
,Rosanna D Standley,,N,,,,,,,
,Roscoe Tunney,,N,,,,,,,
,Roselia F Britton,,N,,,,,,,
,Rosella E Marron,,N,,,,,,,
,Rosemarie K Fellows,,N,,,,,,,
,Rosetta Messerly,,N,,,,,,,
,Rosette F Cascio,,N,,,,,,,
,Rosina Gonsalves,,N,,,,,,,
,Ross Imai,,N,,,,,,,
,Rosy U Baumeister,,N,,,,,,,
,Roy W Wilkie,,N,,,,,,,
,Royal U Okeefe,,N,,,,,,,
,Royce K Goodwyn,,N,,,,,,,
,Rozanne N Mielke,,N,,,,,,,
,Rubin Confer,,N,,,,,,,
,Rubin E Confer,,N,,,,,,,
,Ruby B Hare,,N,,,,,,,
,Rueben X Pidgeon,,N,,,,,,,
,Rufus F Furlong,,N,,,,,,,
,Rufus Neufeld,,N,,,,,,,
,Russ I Teed,,N,,,,,,,
,Russ U Belliveau,,N,,,,,,,
,Russel Baumer,,N,,,,,,,
,Rusty Bibby,,N,,,,,,,
,Sal C Heiden,,N,,,,,,,
,Salena I Santillan,,N,,,,,,,
,Salena Santillan,,N,,,,,,,
,Salvatore J Lindell,,N,,,,,,,
,Sam C Limones,,N,,,,,,,
,Sam E Lacey,,N,,,,,,,
,Samantha V Lucky,,N,,,,,,,
,Sammy C Holtzclaw,,N,,,,,,,
,Samuel Dart,,N,,,,,,,
,Sanford Knee,,N,,,,,,,
,Sarita P Schubert,,N,,,,,,,
,Scott D Torrey,,N,,,,,,,
,Scott K Ricco,,N,,,,,,,
,Selma Abram,,N,,,,,,,
,Sena U Delrosario,,N,,,,,,,
,Serina Lingle,,N,,,,,,,
,Seth N Lipsky,,N,,,,,,,
,Seth Willilams,,N,,,,,,,
,Shanelle Z Hick,,N,,,,,,,
,Shannon J Force,,N,,,,,,,
,Shanti F Quirion,,N,,,,,,,
,Shanti P Brinegar,,N,,,,,,,
,Shanti Quirion,,N,,,,,,,
,Shara Millsap,,N,,,,,,,
,Sharda W Choudhury,,N,,,,,,,
,Sharita Y Lombardi,,N,,,,,,,
,Sharlene Klein,,N,,,,,,,
,Sharonda Janzen,,N,,,,,,,
,Sharri Z Gormley,,N,,,,,,,
,Sharyl Y Torian,,N,,,,,,,
,Shasta F Bay,,N,,,,,,,
,Shasta P Depuy,,N,,,,,,,
,Shavon K Wescott,,N,,,,,,,
,Shavonne B Boylan,,N,,,,,,,
,Shavonne Henkle,,N,,,,,,,
,Shawanda Ostlund,,N,,,,,,,
,Shayne T Claytor,,N,,,,,,,
,Sheila F Bergman,,N,,,,,,,
,Shemika D Porterfield,,N,,,,,,,
,Sherise Bledsoe,,N,,,,,,,
,Sherise C Bledsoe,,N,,,,,,,
,Sherlene E Mcdaniel,,N,,,,,,,
,Sherryl B Raker,,N,,,,,,,
,Sherryl Raker,,N,,,,,,,
,Sherwood K Shire,,N,,,,,,,
,Sheryll X Broadbent,,N,,,,,,,
,Shirl M Caraballo,,N,,,,,,,
,Shirley H Mettler,,N,,,,,,,
,Sidney D Amore,,N,,,,,,,
,Silas J Wojcik,,N,,,,,,,
,Silas S Pyatt,,N,,,,,,,
,Silvana V Hendrix,,N,,,,,,,
,Simon G Cromwell,,N,,,,,,,
,Sixta H Jo,,N,,,,,,,
,Sixta Jo,,N,,,,,,,
,Sol Coffman,,N,,,,,,,
,Sol K Roger,,N,,,,,,,
,Solange Landaverde,,N,,,,,,,
,Son D Ricketts,,N,,,,,,,
,Sonny Najar,,N,,,,,,,
,Sophia F Knecht,,N,,,,,,,
,Stacey H Galante,,N,,,,,,,
,Stacy B Kennell,,N,,,,,,,
,Stan I Folks,,N,,,,,,,
,Stan S Watt,,N,,,,,,,
,Stanley Caudill,,N,,,,,,,
,Stanley F Casillas,,N,,,,,,,
,Stanton Y Cavallaro,,N,,,,,,,
,Stasia L Daley,,N,,,,,,,
,Stefanie P Rose,,N,,,,,,,
,Stephan Q Ranger,,N,,,,,,,
,Stephnie Millman,,N,,,,,,,
,Steve S Everette,,N,,,,,,,
,Steven B Daigneault,,N,,,,,,,
,Steven Daigneault,,N,,,,,,,
,Stewart Mazurek,,N,,,,,,,
,Stuart Fullwood,,N,,,,,,,
,Suellen Eoff,,N,,,,,,,
,Sunshine F Earle,,N,,,,,,,
,Susan Barra,,N,,,,,,,
,Susana H Hooks,,N,,,,,,,
,Susana Hooks,,N,,,,,,,
,Susann A Faucett,,N,,,,,,,
,Suzette F Lovejoy,,N,,,,,,,
,Suzette Lovejoy,,N,,,,,,,
,Sydney Trosper,,N,,,,,,,
,Sylvester Harmer,,N,,,,,,,
,Sylvester M Harmer,,N,,,,,,,
,Sylvester Z Blackledge,,N,,,,,,,
,Tad Laster,,N,,,,,,,
,Tad Portillo,,N,,,,,,,
,Tad V Laster,,N,,,,,,,
,Talisha F Nicklas,,N,,,,,,,
,Tamera Balser,,N,,,,,,,
,Tamesha I Knepper,,N,,,,,,,
,Tamica J Holoman,,N,,,,,,,
,Tammi S Garret,,N,,,,,,,
,Tammy Staples,,N,,,,,,,
,Tammy Z Lorentz,,N,,,,,,,
,Taneka Q Church,,N,,,,,,,
,Tanner Y Hollenbeck,,N,,,,,,,
,Tawanda E Buchanon,,N,,,,,,,
,Taylor O Thill,,N,,,,,,,
,Taylor Thill,,N,,,,,,,
,Tayna L Covarrubias,,N,,,,,,,
,Teddy Kleinschmidt,,N,,,,,,,
,Tempie Peralta,,N,,,,,,,
,Terra D Routh,,N,,,,,,,
,Terra Routh,,N,,,,,,,
,Terrance E Schiefelbein,,N,,,,,,,
,Terrell J Leader,,N,,,,,,,
,Terrell Leader,,N,,,,,,,
,Theda Timothy,,N,,,,,,,
,Theresa Fitzmaurice,,N,,,,,,,
,Theresa R Fitzmaurice,,N,,,,,,,
,Therese Q Belden,,N,,,,,,,
,Theron T Kramer,,N,,,,,,,
,Thomas B Felipe,,N,,,,,,,
,Thomas H Huang,,N,,,,,,,
,Thora Vanhook,,N,,,,,,,
,Thurman T Caceres,,N,,,,,,,
,Tiffaney A Schoenberg,,N,,,,,,,
,Tiffaney Schoenberg,,N,,,,,,,
,Tim N Schueller,,N,,,,,,,
,Tim U Kornegay,,N,,,,,,,
,Timmy I Poteat,,N,,,,,,,
,Timmy Kitchens,,N,,,,,,,
,Tinisha V Vince,,N,,,,,,,
,Tiny Llanos,,N,,,,,,,
,Tiny Q Llanos,,N,,,,,,,
,Tiny Z Oliveri,,N,,,,,,,
,Titus Eide,,N,,,,,,,
,Toby Riles,,N,,,,,,,
,Tod Rene,,N,,,,,,,
,Toi F Stallard,,N,,,,,,,
,Tomas V Krout,,N,,,,,,,
,Tommie S Fargo,,N,,,,,,,
,Tommy I Meadows,,N,,,,,,,
,Tona S Huseby,,N,,,,,,,
,Toney Buffum,,N,,,,,,,
,Toney O Gentle,,N,,,,,,,
,Toney W Bollman,,N,,,,,,,
,Tonia Silvis,,N,,,,,,,
,Tonia X Silvis,,N,,,,,,,
,Tonja E Lenahan,,N,,,,,,,
,Tonja Lenahan,,N,,,,,,,
,Tony E Keough,,N,,,,,,,
,Tony Keough,,N,,,,,,,
,Towanda H Matson,,N,,,,,,,
,Toya B Rawlins,,N,,,,,,,
,Tracey Lapinski,,N,,,,,,,
,Tracie J Winebarger,,N,,,,,,,
,Trent J Lockman,,N,,,,,,,
,Tressa Q Standard,,N,,,,,,,
,Tressa Standard,,N,,,,,,,
,Trey Kaiser,,N,,,,,,,
,Tristan L Cockrell,,N,,,,,,,
,Tristan M Brackett,,N,,,,,,,
,Troy J Higbee,,N,,,,,,,
,Troy Michalski,,N,,,,,,,
,Tuan L Rhymes,,N,,,,,,,
,Tyler D Galindo,,N,,,,,,,
,Tyler Galindo,,N,,,,,,,
,Tyler N Larkins,,N,,,,,,,
,Tyree W Linden,,N,,,,,,,
,Tyrell R Bramlett,,N,,,,,,,
,Tyson High,,N,,,,,,,
,Ula W Hartl,,N,,,,,,,
,Ulysses S Abate,,N,,,,,,,
,Un Zebrowski,,N,,,,,,,
,Ute Outen,,N,,,,,,,
,Valarie O Gorecki,,N,,,,,,,
,Valencia M Cuffee,,N,,,,,,,
,Valene R Yost,,N,,,,,,,
,Valene Yost,,N,,,,,,,
,Valene Z Woodmansee,,N,,,,,,,
,Valentin Escoto,,N,,,,,,,
,Valentin T Dearborn,,N,,,,,,,
,Valentine Gibbon,,N,,,,,,,
,Valeria Fang,,N,,,,,,,
,Van E Broadbent,,N,,,,,,,
,Van T Dotson,,N,,,,,,,
,Vance Kuss,,N,,,,,,,
,Vasiliki E Thoman,,N,,,,,,,
,Vasiliki Thoman,,N,,,,,,,
,Vaughn Garica,,N,,,,,,,
,Vaughn N Garica,,N,,,,,,,
,Velda V Larue,,N,,,,,,,
,Verla H Contreras,,N,,,,,,,
,Vern T Lomeli,,N,,,,,,,
,Vernell X Amado,,N,,,,,,,
,Verona H Brobst,,N,,,,,,,
,Veronica I Mower,,N,,,,,,,
,Vicki V Broussard,,N,,,,,,,
,Vicki Y Hargrave,,N,,,,,,,
,Victor Helmuth,,N,,,,,,,
,Victoria H Musson,,N,,,,,,,
,Vikki N Lezama,,N,,,,,,,
,Vincent N Lennon,,N,,,,,,,
,Vincenzo Rentschler,,N,,,,,,,
,Vinita E Chamber,,N,,,,,,,
,Violet L Ertel,,N,,,,,,,
,Virgil R Yuen,,N,,,,,,,
,Vivienne X Binion,,N,,,,,,,
,Voncile P Trojanowski,,N,,,,,,,
,Vonda U Mckinnis,,N,,,,,,,
,Waldo Witmer,,N,,,,,,,
,Walter B Mcmorrow,,N,,,,,,,
,Walter H Hargreaves,,N,,,,,,,
,Walter R Seddon,,N,,,,,,,
,Walton S Keim,,N,,,,,,,
,Walton U Kapoor,,N,,,,,,,
,Warner I Manly,,N,,,,,,,
,Warren L Manion,,N,,,,,,,
,Waylon Z Curtsinger,,N,,,,,,,
,Wendolyn Riddle,,N,,,,,,,
,Whitney N Wasinger,,N,,,,,,,
,Wiley U Maske,,N,,,,,,,
,Wilfred Honore,,N,,,,,,,
,Wilhelmina Y Keaney,,N,,,,,,,
,Willia Vath,,N,,,,,,,
,William B Mcnerney,,N,,,,,,,
,Williams Timko,,N,,,,,,,
,Willian Zeringue,,N,,,,,,,
,Willis D Weissman,,N,,,,,,,
,Wilton Florence,,N,,,,,,,
,Windy A Dudek,,N,,,,,,,
,Windy Dudek,,N,,,,,,,
,Windy Pharr,,N,,,,,,,
,Windy S Pharr,,N,,,,,,,
,Windy Valadez,,N,,,,,,,
,Winona Slape,,N,,,,,,,
,Wm S Goldschmidt,,N,,,,,,,
,Xochitl Hogan,,N,,,,,,,
,Xochitl Luse,,N,,,,,,,
,Yong Ramsey,,N,,,,,,,
,Young Rueb,,N,,,,,,,
,Young W Funes,,N,,,,,,,
,Yung G Booher,,N,,,,,,,
,Yvone Seay,,N,,,,,,,
,Zachary Haugland,,N,,,,,,,
,Zachary S Velasquez,,N,,,,,,,
,Zachary U Breeden,,N,,,,,,,
,Zachary Velasquez,,N,,,,,,,
,Zachery Barna,,N,,,,,,,
,Zack H Mumaw,,N,,,,,,,
,Zackary G Parkins,,N,,,,,,,
,Zana G Ordonez,,N,,,,,,,
,Zane J Hurdle,,N,,,,,,,
,Zella Renn,,N,,,,,,,
,Zenia D Owings,,N,,,,,,,
,Zoila X Nair,,N,,,,,,,
